2020-05-08 11:02:28.607000,NOW,381.8299865722656,0.9380000000000001,0.4799466779383501,0.8088189829205069
2020-05-08 11:02:28.607000,QRVO,100.81999969482422,0.9349999999999999,0.5321384149423217,0.8128513293255751
2020-05-08 11:02:28.607000,LOW,111.91999816894531,0.934,0.4810418804025861,0.7967978089043637
2020-05-08 11:02:28.607000,OTIS,51.810001373291016,0.932,0.4304097122574263,0.7740110000693263
2020-05-08 11:02:28.607000,FTNT,135.1199951171875,0.932,0.5540255382398183,0.8092619756554162
2020-05-08 11:02:28.607000,LNC,34.77000045776367,0.932,0.6851654415794384,0.8327538969810753
2020-05-08 11:02:28.607000,INTU,280.79998779296875,0.932,0.4021777473972098,0.7629205309341999
2020-05-08 11:02:28.607000,SWKS,106.19000244140625,0.932,0.6509581440659317,0.8275385985721494
2020-05-08 11:02:28.607000,MCHP,85.5,0.932,0.5990189329730988,0.8184810505028666
2020-05-08 11:02:28.607000,HD,229.4499969482422,0.932,0.45581412183950837,0.7828163816303553
2020-05-08 11:02:28.608000,AMP,121.7300033569336,0.932,0.6704316092288609,0.8305728013656541
2020-05-08 11:02:28.608000,NVDA,304.8699951171875,0.932,0.5347979782845518,0.804849182754728
2020-05-08 11:02:28.608000,GPN,174.75999450683594,0.931,0.5408116821672352,0.8034139986704966
2020-05-08 11:02:28.608000,DXC,17.329999923706055,0.931,0.6843132655467538,0.8301689866703519
2020-05-08 11:02:28.608000,PXD,87.0199966430664,0.93,0.648911002791451,0.8221269639459379
2020-05-08 11:02:28.608000,FCX,8.970000267028809,0.929,0.6479310317361331,0.8194204359378261
2020-05-08 11:02:28.608000,FMC,94.11000061035156,0.929,0.626331042642557,0.815641416174355
2020-05-08 11:02:28.608000,EOG,48.310001373291016,0.928,0.5946274162377819,0.8069157747627159
2020-05-08 11:02:28.608000,ATVI,73.0999984741211,0.928,0.3374587102081184,0.7146405642468198
2020-05-08 11:02:28.608000,IPGP,147.38999938964844,0.928,0.46556502149372975,0.7733492064996775
2020-05-08 11:02:28.608000,IDXX,294.260009765625,0.927,0.40254171420309426,0.7456523348405842
2020-05-08 11:02:28.608000,PYPL,146.2899932861328,0.927,0.5270097281093793,0.788482632850282
2020-05-08 11:02:28.608000,PHM,28.18000030517578,0.927,0.5564656190957226,0.79581489620396
2020-05-08 11:02:28.608000,EFX,148.30999755859375,0.927,0.4461401967902233,0.7633743044782743
2020-05-08 11:02:28.608000,QCOM,78.83000183105469,0.927,0.423549214961941,0.7546469476951826
2020-05-08 11:02:28.608000,FFIV,142.7100067138672,0.926,0.4094560473172474,0.7452724213383899
2020-05-08 11:02:28.608000,DVN,12.010000228881836,0.926,0.6956270620002779,0.8196211598967804
2020-05-08 11:02:28.608000,IT,123.80999755859375,0.926,0.4248913396285889,0.7518378246431531
2020-05-08 11:02:28.608000,FLIR,47.900001525878906,0.926,0.5170618306817196,0.7828836537355026
2020-05-08 11:02:28.608000,FAST,38.18000030517578,0.926,0.44724515759040984,0.7605426468143681
2020-05-08 11:02:28.608000,EBAY,41.369998931884766,0.926,0.45649564398317316,0.7638954958818234
2020-05-08 11:02:28.608000,PFG,36.290000915527344,0.926,0.602037257156192,0.8030840191028221
2020-05-08 11:02:28.608000,ADBE,366.7799987792969,0.925,0.5365359755608347,0.7852144060859974
2020-05-08 11:02:28.608000,PAYC,268.82000732421875,0.925,0.5889099270548082,0.7976460591773659
2020-05-08 11:02:28.608000,HOLX,52.939998626708984,0.924,0.44733058685203075,0.7541032787969416
2020-05-08 11:02:28.608000,MKTX,480.75,0.924,0.5290539816761315,0.7803473622120387
2020-05-08 11:02:28.608000,JKHY,183.80999755859375,0.924,0.3729912792499044,0.7202418849233206
2020-05-08 11:02:28.608000,ROP,356.19000244140625,0.924,0.44614250744611866,0.7536508431015654
2020-05-08 11:02:28.608000,AAPL,303.739990234375,0.923,0.49292929762134086,0.7667909850934649
2020-05-08 11:02:28.608000,FBHS,53.83000183105469,0.923,0.6391377970083956,0.8025251972885772
2020-05-08 11:02:28.608000,AME,83.30999755859375,0.923,0.4899633861660494,0.7658453999338132
2020-05-08 11:02:28.608000,CPRT,81.55000305175781,0.922,0.49192966846751546,0.7634407485464548
2020-05-08 11:02:28.608000,GOOG,1372.56005859375,0.922,0.36653044958212483,0.7091936694784122
2020-05-08 11:02:28.608000,FISV,107.31999969482422,0.92,0.42058409901431737,0.7297883391514608
2020-05-08 11:02:28.609000,CTSH,58.7599983215332,0.919,0.4984088248766324,0.7564828133910964
2020-05-08 11:02:28.609000,CRM,169.89999389648438,0.919,0.5006582924635564,0.757213006317286
2020-05-08 11:02:28.609000,ABMD,188.3300018310547,0.919,0.342185243565107,0.6822861103065416
2020-05-08 11:02:28.609000,MYL,17.31999969482422,0.919,0.4906937923531527,0.7539276040123526
2020-05-08 11:02:28.609000,FLT,248.74000549316406,0.919,0.4834917194148337,0.7514686923324486
2020-05-08 11:02:28.609000,GOOGL,1369.280029296875,0.918,0.4227705840112365,0.724041377756262
2020-05-08 11:02:28.609000,ACN,187.11000061035156,0.914,0.3561043758758835,0.6724977724902363
2020-05-08 11:02:28.609000,PKI,92.76000213623047,0.911,0.3416271627634618,0.6504820737318756
2020-05-08 11:02:28.609000,AOS,43.310001373291016,0.91,0.3393713504489302,0.6448037779825979
2020-05-08 11:02:28.609000,REGN,559.8300170898438,0.789,0.41599986252019294,0.28178829391498206
2020-05-08 11:02:28.609000,KLAC,163.83999633789062,0.782,0.5403640979980869,0.3785683123515511
2020-05-08 11:02:28.609000,TMUS,95.29000091552734,0.781,0.46669093060017636,0.3117386845543356
2020-05-08 11:02:28.609000,CDNS,81.37000274658203,0.78,0.4446426218445732,0.28522062170436296
2020-05-08 11:02:28.609000,APH,87.23999786376953,0.778,0.5029965164760456,0.336645054730568
2020-05-08 11:02:28.609000,BLK,497.3900146484375,0.777,0.508761684532861,0.3386808286088683
2020-05-08 11:02:28.609000,ULTA,222.16000366210938,0.777,0.4780146972202089,0.31048714736846306
2020-05-08 11:02:28.609000,SPGI,295.5799865722656,0.777,0.47120454840943193,0.3037448059388549
2020-05-08 11:02:28.609000,ABT,93.98999786376953,0.776,0.4154359429736836,0.23680736684310033
2020-05-08 11:02:28.609000,MSCI,334.1000061035156,0.776,0.546114375258441,0.36582951164031335
2020-05-08 11:02:28.609000,SYK,192.19000244140625,0.775,0.4891538139051911,0.31502198571509044
2020-05-08 11:02:28.609000,BWA,27.84000015258789,0.774,0.49162282595312656,0.31429799254775076
2020-05-08 11:02:28.609000,SNPS,158.94000244140625,0.772,0.49514535004564275,0.3115291504222288
2020-05-08 11:02:28.609000,ADSK,184.0,0.771,0.4632724751186431,0.2766904687865306
2020-05-08 11:02:28.609000,TTWO,128.77999877929688,0.767,0.3911607976016524,0.17133703625566052
2020-05-08 11:02:28.609000,ICE,93.08999633789062,0.767,0.4854401566566562,0.28702322674595515
2020-05-08 11:02:28.609000,ZBH,119.4000015258789,0.764,0.3847593052892523,0.15062951940153568
2020-05-08 11:02:28.609000,TMO,339.0799865722656,0.763,0.42286826854248893,0.2025417730990454
2020-05-08 11:02:28.609000,ADS,45.5,0.69,0.7532179595005226,0.27843254321024324
2020-05-08 11:02:28.609000,MRO,5.510000228881836,0.6890000000000001,0.6522399131057758,0.21218158740223542
2020-05-08 11:02:28.609000,HAL,10.010000228881836,0.688,0.6223958929293258,0.18671134507080012
2020-05-08 11:02:28.609000,WMB,19.209999084472656,0.687,0.7059093498711971,0.24360029144377937
2020-05-08 11:02:28.609000,NBL,8.859999656677246,0.685,0.806293243051431,0.2943232794462262
2020-05-08 11:02:28.609000,MSFT,183.60000610351562,0.683,0.4681285577728771,0.005835587070081176
2020-05-08 11:02:28.609000,APA,11.880000114440918,0.683,1.0712324824450925,0.3870791749738151
2020-05-08 11:02:28.609000,ECL,194.1199951171875,0.683,0.5444597690229827,0.10077149013443695
2020-05-08 11:02:28.609000,PH,155.99000549316406,0.683,0.5272740300294405,0.08179458887383434
2020-05-08 11:02:28.610000,APTV,65.2300033569336,0.681,0.6794569535621026,0.21150741724311
2020-05-08 11:02:28.610000,VLO,61.2599983215332,0.6799999999999999,0.630947570471604,0.17282632190688213
2020-05-08 11:02:28.610000,MPC,30.780000686645508,0.6799999999999999,0.7894586658357874,0.274658955752647
2020-05-08 11:02:28.610000,CXO,57.189998626708984,0.6799999999999999,0.5757622953546649,0.12421508219310765
2020-05-08 11:02:28.610000,LEN,50.84000015258789,0.6799999999999999,0.5934885750996598,0.14081523145367178
2020-05-08 11:02:28.610000,HES,46.400001525878906,0.6799999999999999,0.6604248184823623,0.19546339409934485
2020-05-08 11:02:28.610000,SYF,17.989999771118164,0.679,0.5679715904833046,0.11383088700466296
2020-05-08 11:02:28.610000,FANG,40.369998931884766,0.679,0.7674742680823137,0.2607449348470251
2020-05-08 11:02:28.610000,CVX,92.63999938964844,0.679,0.5490268188645627,0.09432910784967305
2020-05-08 11:02:28.610000,CCL,13.529999732971191,0.679,0.8709701796890739,0.3104454759925384
2020-05-08 11:02:28.610000,PSX,73.30999755859375,0.6779999999999999,0.5969815914243303,0.13861988405413864
2020-05-08 11:02:28.610000,LKQ,25.200000762939453,0.6779999999999999,0.6312507032074156,0.16790155834456516
2020-05-08 11:02:28.610000,COF,60.81999969482422,0.677,0.5424557640630886,0.08155974219782752
2020-05-08 11:02:28.610000,KMX,72.87000274658203,0.677,0.4975682121554126,0.02784277470058163
2020-05-08 11:02:28.610000,CTAS,213.39999389648438,0.6759999999999999,0.5221749094847415,0.055518253146807486
2020-05-08 11:02:28.610000,DFS,40.47999954223633,0.6739999999999999,0.688536773807212,0.20053218767472972
2020-05-08 11:02:28.610000,NWSA,9.649999618530273,0.6739999999999999,0.4878529699500625,0.005765880131118217
2020-05-08 11:02:28.610000,HRB,15.600000381469727,0.673,0.5035782067579582,0.023647038311627087
2020-05-08 11:02:28.610000,HOG,20.440000534057617,0.673,0.5863877059317475,0.11534847236367377
2020-05-08 11:02:28.610000,SIVB,183.63999938964844,0.669,0.5713207357077233,0.08964066764533972
2020-05-08 14:57:00.256000,MYL,17.31999969482422,0.918,0.43994167048975963,0.7316116546797796
2020-05-08 14:57:00.287000,ZBH,119.4000015258789,0.773,0.4418768427182128,0.25928219889595083
